,GSA_name,crop,GSA_ID,ET_acft_50pctle,ET_acft_75pctle,ET_acft_95pctle
0,Aliso Water District GSA,almonds,23.0,2121.0816062408235,3758.635464975178,5602.357082520036
1,Aliso Water District GSA,grapes,23.0,993.9638541961025,1732.0013690457329,4169.229179529291
2,Aliso Water District GSA,walnuts,23.0,196.09666219856757,245.56528745095818,299.3588099860489
3,Arvin GSA,almonds,481.0,594.2038451042228,951.9196042211905,1734.783361765782
4,Arvin GSA,citrus,481.0,1133.3801910799332,2198.630202924315,5136.816222628668
5,Arvin GSA,grapes,481.0,2826.478111650903,5327.14108002675,12270.306709515
6,Arvin GSA,walnuts,481.0,0.0,0.0,0.0
7,Buena Vista Water Storage District GSA,almonds,15.0,43.349992277709624,58.24023451957001,46.55846574070086
8,Buena Vista Water Storage District GSA,grapes,15.0,243.24411684370722,349.79948070682997,1182.333441940938
9,Buena Vista Water Storage District GSA,walnuts,15.0,15.112980751356385,41.54370517697631,64.1288029295828
10,Cawelo Water District GSA,almonds,326.0,824.8363100294273,1321.4205946500824,2270.9944762129976
11,Cawelo Water District GSA,citrus,326.0,1473.4500839699472,2572.398431401403,4638.196952607974
12,Cawelo Water District GSA,grapes,326.0,1389.233684834087,2386.0445390096193,5312.183040781766
13,Central Delta Water Agency GSA,grapes,201.0,655.3957810403967,960.0711335719192,1584.1769554919786
14,Central Delta Water Agency GSA,walnuts,201.0,28.27125367120771,82.52276125909633,165.73346942343503
15,Central Delta-Mendota GSA,almonds,206.0,2806.7296615532746,6331.141311998183,11596.079634725747
16,Central Delta-Mendota GSA,citrus,206.0,19.725947756932477,33.862088990949616,52.56273622535986
17,Central Delta-Mendota GSA,grapes,206.0,524.7292910758873,819.4125569970977,1682.3662213437315
18,Central Delta-Mendota GSA,walnuts,206.0,13.096818216850025,32.12137163804803,62.278538802555786
19,Central Kings GSA,almonds,211.0,908.8052838940181,1808.3735524515357,3869.02465168955
20,Central Kings GSA,citrus,211.0,710.1212405905649,1182.4517927354163,2200.7596801633576
21,Central Kings GSA,grapes,211.0,4755.166974592149,9324.095667429052,23145.993224552356
22,Central Kings GSA,walnuts,211.0,184.45706893893936,349.06891029142287,766.4760256689971
23,Central San Joaquin Water Conservation District GSA,almonds,189.0,392.9010038658539,782.462610391972,1525.9956359422913
24,Central San Joaquin Water Conservation District GSA,grapes,189.0,1336.8853431060209,2012.0771990667613,2945.6894681544986
25,Central San Joaquin Water Conservation District GSA,walnuts,189.0,935.3712195403866,2028.584295912838,4376.608550196762
26,Chowchilla Water District GSA,almonds,61.0,2085.4771951928956,3796.1896915834895,8023.5162115931635
27,Chowchilla Water District GSA,grapes,61.0,539.7859629291964,928.9147837081417,1667.9453920484207
28,City of Lodi GSA,grapes,152.0,0.0,3.566669491623245,8.456069835185836
29,City of Los Banos GSA,almonds,71.0,0.0,0.0,20.17652982759659
30,City of Madera GSA,almonds,47.0,18.657071432848443,31.201719196942832,78.60623608146102
31,City of Madera GSA,grapes,47.0,4.225915664014927,20.198504236304185,52.00023653379667
32,City of Manteca GSA,almonds,91.0,40.06034287240531,64.12013615234669,126.68520817421229
33,City of Manteca GSA,grapes,91.0,16.8191361331235,21.302664639407382,25.44559758172522
34,City of Stockton GSA,walnuts,137.0,9.527292192631382,68.9332817664428,143.5561325796802
35,County of Fresno GSA - Delta-Mendota Management Area B,almonds,308.0,382.7960755877875,769.1123393989947,1300.4097468223943
36,County of Fresno GSA - Delta-Mendota Management Area B,grapes,308.0,147.34196750452395,198.82360374651398,330.8068191911836
37,County of Madera GSA - Chowchilla,almonds,68.0,1372.2558443510652,2110.4254225753502,3705.5865024316354
38,County of Madera GSA - Chowchilla,grapes,68.0,758.3683198671987,1267.8507257883969,2111.1114195216196
39,County of Madera GSA - Delta-Mendota,almonds,70.0,14.742639505650068,45.32564740782702,125.3917021988147
40,County of Madera GSA - Madera,almonds,69.0,3530.0568646966194,5557.716253715681,9155.642282427447
41,County of Madera GSA - Madera,citrus,69.0,132.5295181728397,322.9753004293926,608.5476109371127
42,County of Madera GSA - Madera,grapes,69.0,1790.0903606586971,3035.4864707742254,5888.206726628495
43,County of Madera GSA - Madera,walnuts,69.0,51.248207761204384,73.0543333992321,101.67998243177931
44,County of Merced GSA - Delta-Mendota,almonds,231.0,0.0,0.0,5.288491994067652
45,County of San Joaquin GSA - Eastern San Joaquin 1,almonds,142.0,532.3298598657934,997.7677676977117,1670.1895111376232
46,County of San Joaquin GSA - Eastern San Joaquin 1,grapes,142.0,1241.0447363425833,2011.5531271778777,3328.0770419175933
47,County of San Joaquin GSA - Eastern San Joaquin 1,walnuts,142.0,698.0657396630553,1112.6978718416121,1908.0791930670064
48,County of San Joaquin GSA - Eastern San Joaquin 2,walnuts,389.0,0.19193440568050232,7.008414084659426,26.181757763544724
49,County of Tulare GSA - Tule,almonds,470.0,406.8786190554793,544.5453742228716,750.5197484515833
50,County of Tulare GSA - Tule,grapes,470.0,382.79636677667577,569.2611522681365,991.0593499436249
51,DM-II GSA,almonds,301.0,233.20260229341025,885.6924438940567,2643.26265010653
52,DM-II GSA,citrus,301.0,39.50896505307049,59.08521731507372,92.6944982202072
53,DM-II GSA,grapes,301.0,3.886278663476497,6.921546875845861,42.96884728050635
54,DM-II GSA,walnuts,301.0,90.21104869400783,204.36004300406051,432.4722296498522
55,Delano-Earlimart Irrigation District GSA,almonds,29.0,435.94068489301094,845.982529179099,1801.9006182125759
56,Delano-Earlimart Irrigation District GSA,citrus,29.0,128.70389392298583,219.6114517869558,415.0896178285077
57,Delano-Earlimart Irrigation District GSA,grapes,29.0,3344.077634708866,7201.052659754421,18329.955265942204
58,Delano-Earlimart Irrigation District GSA,walnuts,29.0,0.0,0.0,0.0
59,East Kaweah GSA,almonds,314.0,101.62174563685251,197.98972463789775,411.46975926651703
60,East Kaweah GSA,citrus,314.0,3768.218709569721,7008.8172602696195,14389.389866109677
61,East Kaweah GSA,grapes,314.0,426.4353866472411,963.6584371627181,1934.5965221635731
62,East Kaweah GSA,walnuts,314.0,272.93372831238526,355.47061956691937,658.2811098443727
63,Eastern Tule GSA,almonds,205.0,466.62740094923026,818.6337018490012,1408.1932701165335
64,Eastern Tule GSA,citrus,205.0,2886.3453936892947,5027.374668715436,9572.848574259202
65,Eastern Tule GSA,grapes,205.0,1518.4475978598696,3240.2715787980287,7970.717564669721
66,Eastern Tule GSA,walnuts,205.0,476.4079914603819,891.6876068275471,1835.0068450069575
67,Eastside San Joaquin GSA,almonds,288.0,216.3552234004399,423.57829169959126,596.6323689120128
68,Eastside San Joaquin GSA,walnuts,288.0,273.12443534722894,348.80514854564024,554.2628949626774
69,El Rico GSA,almonds,358.0,57.6958022335964,196.9598544088779,611.2906631641216
70,El Rico GSA,grapes,358.0,4.733694588109963,14.143706308087935,27.671491851407637
71,Farmers Water District GSA,grapes,30.0,120.3343224258052,169.18234527722595,245.8255937594119
72,Gravelly Ford Water District GSA,almonds,34.0,420.77260869377267,652.7082282805741,974.5922285990887
73,Gravelly Ford Water District GSA,grapes,34.0,642.9164908704371,1040.8390920224745,1920.4192212710157
74,Greater Kaweah GSA,almonds,281.0,1102.9103297640215,2084.284917648013,4003.435161339624
75,Greater Kaweah GSA,citrus,281.0,1027.0531903686451,1688.9826111337861,2999.3953555384633
76,Greater Kaweah GSA,grapes,281.0,418.76974929893606,929.4242087660541,2417.1598572807675
77,Greater Kaweah GSA,walnuts,281.0,3029.8508923046275,5428.2727762270315,10561.714755615456
78,James GSA,almonds,12.0,539.8751534219491,1106.6993042090348,2422.339311689286
79,James GSA,grapes,12.0,292.08563813626796,512.0445956803708,1057.259330144745
80,Kern Groundwater Authority GSA,almonds,306.0,4.2585175274129945,27.50071213623996,52.50897422377308
81,Kern Groundwater Authority GSA,citrus,306.0,186.19251828214166,320.13789664520345,680.5492816576334
82,Kern River GSA,almonds,20.0,2454.7751261691074,3885.1879383488176,6583.525243869773
83,Kern River GSA,citrus,20.0,0.0,0.0,2.1027425878452157
84,Kern River GSA,grapes,20.0,1213.542092037133,2453.8657810468203,4927.842591731729
85,Kern-Tulare Water District GSA,almonds,517.0,0.0,0.0,0.0
86,Kern-Tulare Water District GSA,almonds,518.0,172.49299338338906,212.8477210179286,331.70700583516697
87,Kern-Tulare Water District GSA,citrus,517.0,404.84496071271616,760.9585683925768,1580.6932228039905
88,Kern-Tulare Water District GSA,citrus,518.0,295.74587698366645,464.7884683478934,749.3191578100198
89,Kern-Tulare Water District GSA,grapes,517.0,393.5710539499077,751.8889449406669,1775.690239729454
90,Kern-Tulare Water District GSA,grapes,518.0,264.1994697033301,585.8763809201688,1428.3098334469096
91,Kings River East GSA,almonds,18.0,218.50190848076628,545.909049364369,1316.0692492776568
92,Kings River East GSA,citrus,18.0,3156.3446758141235,5721.665050193545,12141.377560678146
93,Kings River East GSA,grapes,18.0,955.1941312250565,1887.4110339591487,4780.431547709198
94,Kings River East GSA,walnuts,18.0,118.32683334177021,315.84941897078545,622.7806320910624
95,Lockeford Community Service District GSA,grapes,140.0,1.0992101322300074,6.361968831241047,13.486144430351295
96,Lower Tule River Irrigation District GSA,almonds,42.0,1491.7853974618126,2314.261541807017,3974.061739599516
97,Lower Tule River Irrigation District GSA,citrus,42.0,52.456110272145445,92.41163064280941,170.6393998844575
98,Lower Tule River Irrigation District GSA,grapes,42.0,241.90748867888922,622.9127627776027,1194.8515204242585
99,Lower Tule River Irrigation District GSA,walnuts,42.0,292.74697711448533,496.9226346610645,916.2293560582694
100,Madera Irrigation District GSA,almonds,19.0,2494.3894535371696,5122.922225462573,10785.73086957619
101,Madera Irrigation District GSA,citrus,19.0,56.6768939009369,124.75506158457047,265.6056134847263
102,Madera Irrigation District GSA,grapes,19.0,3006.257433102699,6227.119245863107,14079.557730341374
103,Madera Irrigation District GSA,walnuts,19.0,64.89657831142634,118.32754427138761,187.35073924048342
104,McMullin Area GSA,almonds,266.0,5498.154187997455,9137.08535776265,15388.302912806377
105,McMullin Area GSA,grapes,266.0,7401.663444929973,11126.899901176786,19628.62617897721
106,McMullin Area GSA,walnuts,266.0,165.43321429448375,238.80934351935235,355.8991373278153
107,Merced Irrigation-Urban GSA,almonds,311.0,3534.429286171222,6603.990889524598,13367.330721798884
108,Merced Irrigation-Urban GSA,grapes,311.0,103.77219637086439,235.15413242096102,645.0483709895823
109,Merced Irrigation-Urban GSA,walnuts,311.0,235.67299662600848,442.9531817466874,799.4083802464874
110,Merced Subbasin GSA,almonds,219.0,4908.300172735333,8258.89230391497,13672.680314096675
111,Merced Subbasin GSA,grapes,219.0,891.1627276397859,1503.5587821315773,3246.7022049872244
112,Merced Subbasin GSA,walnuts,219.0,279.7412735489237,404.78131888938606,597.0913650484471
113,Mid-Kaweah GSA,almonds,7.0,607.5178597467066,1197.683564122696,2368.5796226014327
114,Mid-Kaweah GSA,citrus,7.0,0.6698715327629902,1.18390631943481,7.459300282700777
115,Mid-Kaweah GSA,grapes,7.0,49.57109122938838,129.06576642169165,320.4968413743415
116,Mid-Kaweah GSA,walnuts,7.0,690.8580169478751,1206.2537608534549,2224.9046027147074
117,Mid-Kings River GSA,almonds,73.0,744.3968975504281,1356.051704136156,2870.1062103203517
118,Mid-Kings River GSA,grapes,73.0,235.31866442339538,387.1741478918903,643.4917253393646
119,Mid-Kings River GSA,walnuts,73.0,1731.8443681090557,3061.3550423491542,6018.625899942427
120,New Stone Water District GSA,grapes,59.0,1952.31785919577,2414.342249021378,3364.9681512803504
121,North Fork Kings GSA,almonds,187.0,3232.7578326166667,5678.922608816905,9908.654041207714
122,North Fork Kings GSA,citrus,187.0,0.6483783465673905,0.8368915909584438,1.5584092213034202
123,North Fork Kings GSA,grapes,187.0,4145.014335916127,6364.931915940177,11841.828076030099
124,North Fork Kings GSA,walnuts,187.0,1141.7075711433845,1894.6652488460518,3186.6316846030454
125,North Kern Water Storage District GSA,almonds,508.0,3883.049000619528,6499.172381090616,11691.254508158248
126,North Kern Water Storage District GSA,grapes,508.0,657.1124916162535,1278.6550400558567,3340.571013938126
127,North Kings GSA,almonds,65.0,2229.240850740415,4506.419110620121,9521.47677296776
128,North Kings GSA,citrus,65.0,1898.1350768266486,2900.518845855203,5074.849852156965
129,North Kings GSA,grapes,65.0,4403.058341147954,8706.305718964617,21324.055184372
130,North Kings GSA,walnuts,65.0,66.65433715867111,141.1226682266891,305.65600869843735
131,North San Joaquin Water Conservation District GSA,almonds,159.0,0.0,0.0590592119385448,0.10870006759468155
132,North San Joaquin Water Conservation District GSA,grapes,159.0,4847.011880867885,8473.318727778822,14624.355396430425
133,North San Joaquin Water Conservation District GSA,walnuts,159.0,153.39011413744248,370.50741379929406,948.0010044573521
134,Northwestern Delta-Mendota GSA,almonds,214.0,292.65067151105194,712.6518385308285,1466.2813440307468
135,Northwestern Delta-Mendota GSA,grapes,214.0,0.0,0.0,0.0
136,Northwestern Delta-Mendota GSA,walnuts,214.0,159.64397156215819,264.6592340170513,478.6461645431228
137,Oakdale Irrigation District GSA,almonds,228.0,1053.1923782592496,1884.9391743473207,2778.1016696866504
138,Oakdale Irrigation District GSA,walnuts,228.0,229.3239327025296,375.77182173611754,667.189447132238
139,Olcese Water District GSA,almonds,196.0,0.0,0.0,0.0
140,Olcese Water District GSA,citrus,196.0,53.70699821965522,123.08898054947859,276.42043116607294
141,Olcese Water District GSA,walnuts,196.0,0.0,0.0,0.0
142,Patterson Irrigation District GSA,almonds,17.0,11.579666693709216,110.9488516475235,410.82978257676103
143,Patterson Irrigation District GSA,grapes,17.0,0.0,4.7374901016574,7.223640750333323
144,Patterson Irrigation District GSA,walnuts,17.0,86.80713878020703,178.59074150444164,344.853394014782
145,Pixley Irrigation District GSA,almonds,43.0,1504.4415892309373,2360.7638522716443,4057.8585104189037
146,Pixley Irrigation District GSA,grapes,43.0,735.5515118656671,1418.2583059629753,3057.4415525585496
147,Pixley Irrigation District GSA,walnuts,43.0,0.0,0.0,0.114955005094899
148,Root Creek Water District GSA,almonds,33.0,302.2449821570394,506.1558077139968,868.6366722912971
149,Root Creek Water District GSA,citrus,33.0,286.2321113028756,716.1775903053081,1404.3202897602907
150,Root Creek Water District GSA,grapes,33.0,42.74597834192219,76.52322724972684,142.79848977278468
151,Rosedale-Rio Bravo Water Storage District GSA,almonds,515.0,1630.9356178118721,2941.388026954564,5572.576331940256
152,Rosedale-Rio Bravo Water Storage District GSA,citrus,515.0,0.0,0.0,1.0900054857273698
153,Rosedale-Rio Bravo Water Storage District GSA,grapes,515.0,84.19979278529132,181.55154710382777,433.97613098551506
154,Rosedale-Rio Bravo Water Storage District GSA,walnuts,515.0,0.0,0.0,0.0
155,San Joaquin River Exchange Contractors GSA,almonds,10.0,3805.4906921368906,7572.672105136038,12741.715207866064
156,San Joaquin River Exchange Contractors GSA,citrus,10.0,1.0423341647939623,0.8916779126299993,1.7719643962435268
157,San Joaquin River Exchange Contractors GSA,grapes,10.0,1.8560692930863387,13.242923124670174,52.549890239405315
158,San Joaquin River Exchange Contractors GSA,walnuts,10.0,768.258515144339,1316.2798449410827,2345.6629903768244
159,Semitropic Water Storage District GSA,almonds,277.0,5570.425690682759,10779.276965076035,20593.10193059264
160,Semitropic Water Storage District GSA,citrus,277.0,5.319386029596346,8.574544261798085,14.041639987950381
161,Semitropic Water Storage District GSA,grapes,277.0,1300.9263019518,2517.541369553434,5947.939880950817
162,Shafter-Wasco Irrigation District GSA,almonds,507.0,1696.4536973539432,3380.620362464351,7209.351302826842
163,Shafter-Wasco Irrigation District GSA,grapes,507.0,201.4087484885492,446.0617852047882,1044.2830490866959
164,Shafter-Wasco Irrigation District GSA,walnuts,507.0,38.28186550653921,56.29130911798436,91.42260763823005
165,South Delta Water Agency GSA,almonds,208.0,141.327299098824,245.09826602024438,373.78849380709664
166,South Delta Water Agency GSA,grapes,208.0,116.16946833256218,179.56165837471613,283.9400841442713
167,South Delta Water Agency GSA,walnuts,208.0,14.278430721081921,21.27187088253865,43.01709301520131
168,South Fork Kings GSA,almonds,222.0,705.7429354126137,943.9340772724021,1546.9676971292756
169,South Fork Kings GSA,grapes,222.0,309.13893925274857,455.32610823014363,669.4900905795728
170,South Fork Kings GSA,walnuts,222.0,240.2545336227289,368.14964718552807,611.4404848251927
171,South Kings GSA,almonds,317.0,0.0,0.0967133335624645,1.7402927417141154
172,South Kings GSA,citrus,317.0,9.080879281547295,9.57796887529398,15.562061859603531
173,South Kings GSA,grapes,317.0,0.9092657678607698,3.3820565103554237,34.79738794603486
174,South San Joaquin GSA,almonds,249.0,2150.170356913121,4262.349245850917,8460.281612781695
175,South San Joaquin GSA,grapes,249.0,636.9478896513278,920.4478719263101,1331.8585205411957
176,South San Joaquin GSA,walnuts,249.0,190.61216336549612,355.5928729940327,690.096139252049
177,Southern San Joaquin Municipal Utility District,almonds,514.0,592.2950210439077,1266.7672320451532,3059.0292828279808
178,Southern San Joaquin Municipal Utility District,citrus,514.0,682.0019441564657,1221.984500915781,2327.550892123523
179,Southern San Joaquin Municipal Utility District,grapes,514.0,1991.3322460395048,3892.4287644031942,10907.190064841296
180,Southern San Joaquin Municipal Utility District,walnuts,514.0,0.679297616717422,6.826931336518364,17.17179366715347
181,Southwest Kings GSA,almonds,226.0,613.9614094737316,1186.1111306656096,2088.845010710601
182,Southwest Kings GSA,grapes,226.0,35.918172412392444,112.36970021726148,297.82644729437106
183,Stockton East Water District GSA,almonds,116.0,0.0,22.01532833804076,48.45963198918954
184,Stockton East Water District GSA,grapes,116.0,1146.8814598006318,1610.6002026300098,2284.3202564638864
185,Stockton East Water District GSA,walnuts,116.0,2143.9390421846747,4458.368141306877,9658.441016629413
186,Tri-County Water Authority GSA - Tule,almonds,490.0,175.878917400213,266.2899107199453,392.40253345385145
187,Tri-County Water Authority GSA - Tule,grapes,490.0,178.14033611592015,341.3771789010889,788.5371029601517
188,Triangle T Water District GSA,almonds,394.0,2269.0061627210243,3098.86323840844,4596.656965483913
189,West Stanislaus Irrigation District GSA,almonds,13.0,240.95068156088786,820.366046194471,1921.5500930801295
190,West Stanislaus Irrigation District GSA,grapes,13.0,110.28738904029129,220.14526714933302,359.5414264707791
191,West Stanislaus Irrigation District GSA,walnuts,13.0,139.35450337072191,237.29858757318524,396.43024577247763
192,Westlands Water District GSA,almonds,40.0,7107.553013272847,14308.84549232415,31051.80954204519
193,Westlands Water District GSA,citrus,40.0,281.7670994482988,605.3025641295045,1097.865655652672
194,Westlands Water District GSA,grapes,40.0,2931.454587404311,5893.430615207222,14453.561872534434
195,Westside District Water Authority GSA,almonds,506.0,1606.8348308177585,3054.905334000623,6427.668282824676
196,Westside District Water Authority GSA,citrus,506.0,11.787000631411267,87.34440989240117,574.4681196171873
197,Westside District Water Authority GSA,grapes,506.0,150.39491511803143,260.62788276583166,430.799395865183
198,Westside District Water Authority GSA,walnuts,506.0,0.0,0.0,1.3377006921449415
199,Wheeler Ridge-Maricopa GSA,almonds,484.0,864.4583271517093,1626.2170965514824,3379.224807936411
200,Wheeler Ridge-Maricopa GSA,citrus,484.0,1879.7668881269344,3426.793879445835,7284.652080660111
201,Wheeler Ridge-Maricopa GSA,grapes,484.0,3637.9286174016975,6888.603071880727,12515.396385988826
202,Woodbridge Irrigation District GSA,almonds,151.0,0.0,2.85171534991413,13.931460833906659
203,Woodbridge Irrigation District GSA,grapes,151.0,838.2428668396464,2019.2619430994403,4373.258992017707
204,Woodbridge Irrigation District GSA,walnuts,151.0,24.597862353733547,37.839822104039776,70.46065759666006
