,GSA_name,crop,GSA_ID,ET_acftac_50pctle,ET_acftac_75pctle,ET_acftac_95pctle
0,Aliso Water District GSA,almonds,23.0,0.35223036571297356,0.627812129206658,0.9485376933840128
1,Aliso Water District GSA,grapes,23.0,0.2386302557947892,0.35165569377605255,0.8120611935603579
2,Aliso Water District GSA,walnuts,23.0,1.0155387021601519,1.2743033399843793,1.5529963089157917
3,Arvin GSA,almonds,481.0,0.18791703571729773,0.2552761157273016,0.4500265752657648
4,Arvin GSA,citrus,481.0,0.1726063898686383,0.23863858698154225,0.44674677706370214
5,Arvin GSA,grapes,481.0,0.31360493877572176,0.4814064434514792,1.0046696236552324
6,Arvin GSA,walnuts,481.0,,,
7,Buena Vista Water Storage District GSA,almonds,15.0,0.47927716875141446,0.6589187986387759,0.5444635864626894
8,Buena Vista Water Storage District GSA,grapes,15.0,0.1849337566784916,0.25803983793381785,0.8071978381379696
9,Buena Vista Water Storage District GSA,walnuts,15.0,0.0913751946062992,0.2636904149566168,0.43039857948421856
10,Cawelo Water District GSA,almonds,326.0,0.2527051037541154,0.33317600541622033,0.5382249468083683
11,Cawelo Water District GSA,citrus,326.0,0.2281302520221241,0.3256572663638683,0.5681680619454995
12,Cawelo Water District GSA,grapes,326.0,0.33135468855120986,0.5003588466967152,1.0350078897482993
13,Central Delta Water Agency GSA,grapes,201.0,0.23357013113920239,0.28271140819473095,0.39972223404260454
14,Central Delta Water Agency GSA,walnuts,201.0,0.16785857806421095,0.29406719152776967,0.3132003396359604
15,Central Delta-Mendota GSA,almonds,206.0,0.1855297407352864,0.32888014376193075,0.5383954797757106
16,Central Delta-Mendota GSA,citrus,206.0,0.1491281561839762,0.26511580715396876,0.41798867978013465
17,Central Delta-Mendota GSA,grapes,206.0,0.2787456010511567,0.2699606784381515,0.48869045785724025
18,Central Delta-Mendota GSA,walnuts,206.0,0.13946022637215016,0.23887155145829267,0.5168945909246777
19,Central Kings GSA,almonds,211.0,0.16656359804433712,0.23443780958337906,0.44426598932443195
20,Central Kings GSA,citrus,211.0,0.19800003875470804,0.2647124131167416,0.43944716768399056
21,Central Kings GSA,grapes,211.0,0.16994806088554515,0.24275722954912712,0.5119731579820155
22,Central Kings GSA,walnuts,211.0,0.20585943073483057,0.2464895100785994,0.44003425472087104
23,Central San Joaquin Water Conservation District GSA,almonds,189.0,0.12485116011684542,0.21026572993667225,0.375071688428331
24,Central San Joaquin Water Conservation District GSA,grapes,189.0,0.2710893982271695,0.4042816005596167,0.5987471005342319
25,Central San Joaquin Water Conservation District GSA,walnuts,189.0,0.14698661250501074,0.22601875090117415,0.4220201400450565
26,Chowchilla Water District GSA,almonds,61.0,0.14806953815656174,0.19505793598457513,0.34564739193902916
27,Chowchilla Water District GSA,grapes,61.0,0.19584554321999592,0.2735067350335034,0.41528405981170674
28,City of Lodi GSA,grapes,152.0,,0.07587691402083388,0.1735897510061792
29,City of Los Banos GSA,almonds,71.0,,,0.4293293474089106
30,City of Madera GSA,almonds,47.0,0.14344321651514277,0.14328551202436274,0.3126876077868846
31,City of Madera GSA,grapes,47.0,0.0945174283511924,0.21481597387549606,0.1911616899303544
32,City of Manteca GSA,almonds,91.0,0.1543044134887146,0.23230885158318992,0.3351625116383157
33,City of Manteca GSA,grapes,91.0,0.5277103689873135,0.4384450005621134,0.49563461251430924
34,City of Stockton GSA,walnuts,137.0,0.07598452574542944,0.18286497266814852,0.43403752530435985
35,County of Fresno GSA - Delta-Mendota Management Area B,almonds,308.0,0.327479537262817,0.6031749301563742,0.9792007689425103
36,County of Fresno GSA - Delta-Mendota Management Area B,grapes,308.0,0.4944644496048806,0.6882780545653238,1.1746524271308774
37,County of Madera GSA - Chowchilla,almonds,68.0,0.20930553896395257,0.282550018615951,0.492342386255897
38,County of Madera GSA - Chowchilla,grapes,68.0,0.2634289457656294,0.32890555059545756,0.5398931236675715
39,County of Madera GSA - Delta-Mendota,almonds,70.0,0.10560925318942983,0.23074276936583124,0.6274405753951056
40,County of Madera GSA - Madera,almonds,69.0,0.2754482405675244,0.3741154612782064,0.5808283535049131
41,County of Madera GSA - Madera,citrus,69.0,0.19796096957791104,0.30635996083736144,0.4742809839262735
42,County of Madera GSA - Madera,grapes,69.0,0.25304335563109,0.34786862918967637,0.5775410764242453
43,County of Madera GSA - Madera,walnuts,69.0,0.3803681092332053,0.476911418114346,0.6651017357282528
44,County of Merced GSA - Delta-Mendota,almonds,231.0,,,0.1937685726598023
45,County of San Joaquin GSA - Eastern San Joaquin 1,almonds,142.0,0.2198250904167359,0.34210160419069774,0.5273086571012854
46,County of San Joaquin GSA - Eastern San Joaquin 1,grapes,142.0,0.2225358809914899,0.2592220159869505,0.37243899112944473
47,County of San Joaquin GSA - Eastern San Joaquin 1,walnuts,142.0,0.28622007211554135,0.37289137719764065,0.5848939668752089
48,County of San Joaquin GSA - Eastern San Joaquin 2,walnuts,389.0,0.06619542329954896,0.12760781477703162,0.3545923539359729
49,County of Tulare GSA - Tule,almonds,470.0,0.3245606873224158,0.4430399390276622,0.6141383525974743
50,County of Tulare GSA - Tule,grapes,470.0,0.47041290200364494,0.5093616029307442,0.9009644295709307
51,DM-II GSA,almonds,301.0,0.11281080471697374,0.15451077629549415,0.30408834232190374
52,DM-II GSA,citrus,301.0,0.19367373932813353,0.23468342304527454,0.32238404817993
53,DM-II GSA,grapes,301.0,0.18510581036384277,0.32967747667344316,0.18723687277761203
54,DM-II GSA,walnuts,301.0,0.16588794811154153,0.26064138038206647,0.3992964978631549
55,Delano-Earlimart Irrigation District GSA,almonds,29.0,0.13633434734615013,0.15890205645732647,0.24184155938641336
56,Delano-Earlimart Irrigation District GSA,citrus,29.0,0.17317315219370794,0.26700006016085615,0.4803131676888857
57,Delano-Earlimart Irrigation District GSA,grapes,29.0,0.23984402079290196,0.38869334186194016,0.8988062199340308
58,Delano-Earlimart Irrigation District GSA,walnuts,29.0,,,
59,East Kaweah GSA,almonds,314.0,0.20262975874930755,0.2865161039689688,0.48346536124218986
60,East Kaweah GSA,citrus,314.0,0.14732500708983357,0.1984197150098547,0.3418013291432119
61,East Kaweah GSA,grapes,314.0,0.2253969335664648,0.42378768693348606,0.8136791647175918
62,East Kaweah GSA,walnuts,314.0,0.24709247603243914,0.3666818127182186,0.6496789830368219
63,Eastern Tule GSA,almonds,205.0,0.14738939071503895,0.20047052853330632,0.33460473959524123
64,Eastern Tule GSA,citrus,205.0,0.20363664088090505,0.26338698098253427,0.4257812244181968
65,Eastern Tule GSA,grapes,205.0,0.2223528971362057,0.3900155369125445,0.9213923346038064
66,Eastern Tule GSA,walnuts,205.0,0.16045006381217633,0.2251209192795642,0.4164826442801352
67,Eastside San Joaquin GSA,almonds,288.0,0.3719595458627704,0.5931794940749543,0.8190427190796924
68,Eastside San Joaquin GSA,walnuts,288.0,0.34959610091934556,0.4242532247749514,0.6657390582154563
69,El Rico GSA,almonds,358.0,0.0717413919023408,0.14156876192080267,0.3690329729522575
70,El Rico GSA,grapes,358.0,0.0637701718235413,0.190537552581861,0.20222637429815568
71,Farmers Water District GSA,grapes,30.0,0.3346065460404334,0.48643878142702696,0.7109774425827818
72,Gravelly Ford Water District GSA,almonds,34.0,0.2635080763193564,0.41000131330564993,0.6270991208487705
73,Gravelly Ford Water District GSA,grapes,34.0,0.25903173953863595,0.4068903279804063,0.7402023280089699
74,Greater Kaweah GSA,almonds,281.0,0.20053089212877678,0.29486686537459,0.5022419077962306
75,Greater Kaweah GSA,citrus,281.0,0.1929736153656481,0.25633378909141086,0.4071730174573356
76,Greater Kaweah GSA,grapes,281.0,0.1771422494650082,0.3347091197205737,0.8037024193022801
77,Greater Kaweah GSA,walnuts,281.0,0.18461282886853325,0.2591514848064854,0.4520203246947743
78,James GSA,almonds,12.0,0.16694892039586345,0.25892672883145346,0.47575823882171686
79,James GSA,grapes,12.0,0.2469931443657171,0.38653596727556183,0.8029998829303449
80,Kern Groundwater Authority GSA,almonds,306.0,0.1284634001513861,0.3472981120420746,0.37561887692212
81,Kern Groundwater Authority GSA,citrus,306.0,0.20058004970883092,0.28067671931130234,0.5262754080667571
82,Kern River GSA,almonds,20.0,0.2723102200090674,0.3913330439811286,0.630605374556838
83,Kern River GSA,citrus,20.0,,,0.2320961374130487
84,Kern River GSA,grapes,20.0,0.3422776719997779,0.6190973487455543,1.1799257403703032
85,Kern-Tulare Water District GSA,almonds,517.95,0.27746763148660036,0.3372196876219863,0.5106439943485683
86,Kern-Tulare Water District GSA,citrus,517.4640883977901,0.22003178215969413,0.32256310674738997,0.5621935038493818
87,Kern-Tulare Water District GSA,grapes,517.534188034188,0.21749900053381455,0.32619121845508137,0.6857813774048029
88,Kings River East GSA,almonds,18.0,0.1287106465470417,0.2081436754430864,0.4604289175927131
89,Kings River East GSA,citrus,18.0,0.1617461924726624,0.210089824970858,0.36562741218942524
90,Kings River East GSA,grapes,18.0,0.16988141583760552,0.2408899979329344,0.5488835974880194
91,Kings River East GSA,walnuts,18.0,0.18541079001738445,0.27976787519417484,0.466914840585621
92,Lockeford Community Service District GSA,grapes,140.0,0.033110392746078174,0.15230864999776417,0.35054814067725054
93,Lower Tule River Irrigation District GSA,almonds,42.0,0.20793520349047792,0.2718271394158747,0.42763613582497195
94,Lower Tule River Irrigation District GSA,citrus,42.0,0.25434142189213826,0.3739337318575433,0.6212688757009168
95,Lower Tule River Irrigation District GSA,grapes,42.0,0.2540192865393442,0.5014235572652445,0.9475179137753842
96,Lower Tule River Irrigation District GSA,walnuts,42.0,0.1781014816065709,0.24943449295450243,0.3789856606405748
97,Madera Irrigation District GSA,almonds,19.0,0.1515278533500701,0.21496655851304,0.366368812822025
98,Madera Irrigation District GSA,citrus,19.0,0.17839898947328614,0.24087752876455568,0.3386918466044321
99,Madera Irrigation District GSA,grapes,19.0,0.1852975549798895,0.2690544111067007,0.5037743970548197
100,Madera Irrigation District GSA,walnuts,19.0,0.21086819634082377,0.3085681807618708,0.39924121512347416
101,McMullin Area GSA,almonds,266.0,0.28361232891498267,0.42290102465915735,0.7018651590471157
102,McMullin Area GSA,grapes,266.0,0.32749941589225084,0.4345668157948649,0.7380273190719171
103,McMullin Area GSA,walnuts,266.0,0.3968474935546493,0.5890692314426097,0.8948228766530256
104,Merced Irrigation-Urban GSA,almonds,311.0,0.17447274514366873,0.25282591267993243,0.4609331475018577
105,Merced Irrigation-Urban GSA,grapes,311.0,0.15613655455035175,0.22196390434202037,0.5613747825481463
106,Merced Irrigation-Urban GSA,walnuts,311.0,0.21279384736638488,0.29215000810138375,0.43905609541743473
107,Merced Subbasin GSA,almonds,219.0,0.2736250381723864,0.372445471857453,0.5939749420176763
108,Merced Subbasin GSA,grapes,219.0,0.20948890572110548,0.3023480586065239,0.6468727602805867
109,Merced Subbasin GSA,walnuts,219.0,0.3425477651195802,0.47190818353382624,0.5949037354817579
110,Mid-Kaweah GSA,almonds,7.0,0.20526828665011793,0.3153976239261574,0.5150287789830137
111,Mid-Kaweah GSA,citrus,7.0,0.0799433823615311,0.13679327178511685,0.23473039747134122
112,Mid-Kaweah GSA,grapes,7.0,0.18866203928876138,0.34681924398054326,0.7745558279104093
113,Mid-Kaweah GSA,walnuts,7.0,0.20866894629521,0.30989893852203415,0.5368030473733278
114,Mid-Kings River GSA,almonds,73.0,0.17271467426511045,0.23293106220270068,0.4188582854758971
115,Mid-Kings River GSA,grapes,73.0,0.20661650196781475,0.3113718135924046,0.4638289222104022
116,Mid-Kings River GSA,walnuts,73.0,0.18716007071300195,0.2651983840183655,0.48799187467733385
117,New Stone Water District GSA,grapes,59.0,0.7130373697264543,0.8689076490560647,1.2092807952623097
118,North Fork Kings GSA,almonds,187.0,0.24533909168659873,0.379546847459626,0.6515065138006484
119,North Fork Kings GSA,citrus,187.0,0.23414943782192,0.3022273901931495,0.5627896813589306
120,North Fork Kings GSA,grapes,187.0,0.30569357987288853,0.41745917630795115,0.7559469751235729
121,North Fork Kings GSA,walnuts,187.0,0.26527167521225276,0.38684811295703386,0.6454994506705297
122,North Kern Water Storage District GSA,almonds,508.0,0.19966402261962737,0.29432106542163183,0.4985276806728928
123,North Kern Water Storage District GSA,grapes,508.0,0.26888656528219307,0.4321015887508521,1.0585469759621884
124,North Kings GSA,almonds,65.0,0.1905742910533644,0.2416883542050505,0.392024676629968
125,North Kings GSA,citrus,65.0,0.22152467248198407,0.2888510978545297,0.4662785631156536
126,North Kings GSA,grapes,65.0,0.18727745942532703,0.26770863913877496,0.5547447078437054
127,North Kings GSA,walnuts,65.0,0.22079491019923947,0.28440151203606295,0.41539204487631814
128,North San Joaquin Water Conservation District GSA,almonds,159.0,,0.1159911297162975,0.2134847930863818
129,North San Joaquin Water Conservation District GSA,grapes,159.0,0.19171325548861057,0.25818450845392577,0.40337448109502727
130,North San Joaquin Water Conservation District GSA,walnuts,159.0,0.1952184494887868,0.1995447513569544,0.32586382318564466
131,Northwestern Delta-Mendota GSA,almonds,214.0,0.1160255741796429,0.215245220195836,0.40526485947370344
132,Northwestern Delta-Mendota GSA,grapes,214.0,,,
133,Northwestern Delta-Mendota GSA,walnuts,214.0,0.26462683083050365,0.37018145358922777,0.6403087144133267
134,Oakdale Irrigation District GSA,almonds,228.0,0.2630012836795738,0.4136322654552477,0.6360121587733425
135,Oakdale Irrigation District GSA,walnuts,228.0,0.20671553873467124,0.304479031472557,0.5221021640906973
136,Olcese Water District GSA,almonds,196.0,,,
137,Olcese Water District GSA,citrus,196.0,0.20063993787580703,0.3023112925865092,0.46477435794280564
138,Olcese Water District GSA,walnuts,196.0,,,
139,Patterson Irrigation District GSA,almonds,17.0,0.03863525538261964,0.10646261822848452,0.27364987325313633
140,Patterson Irrigation District GSA,grapes,17.0,,0.2641654431071035,0.402794775020372
141,Patterson Irrigation District GSA,walnuts,17.0,0.2038456257811703,0.28077780799689184,0.5146150689946877
142,Pixley Irrigation District GSA,almonds,43.0,0.19348135471449626,0.26367737391612867,0.4335003135581375
143,Pixley Irrigation District GSA,grapes,43.0,0.3010930408258294,0.48835223685243895,1.04045077204968
144,Pixley Irrigation District GSA,walnuts,43.0,,,0.0156320685617576
145,Root Creek Water District GSA,almonds,33.0,0.24085637953191935,0.3694710005481209,0.6179498283373941
146,Root Creek Water District GSA,citrus,33.0,0.13511183881564326,0.290368340745237,0.5571979884098169
147,Root Creek Water District GSA,grapes,33.0,0.1817474268992012,0.28308510532877373,0.5374465424505813
148,Rosedale-Rio Bravo Water Storage District GSA,almonds,515.0,0.18930745799383955,0.2820147585589269,0.48477858600025114
149,Rosedale-Rio Bravo Water Storage District GSA,citrus,515.0,,,0.18693378057303353
150,Rosedale-Rio Bravo Water Storage District GSA,grapes,515.0,0.28858844714683524,0.45053929475812493,1.1277258368713807
151,Rosedale-Rio Bravo Water Storage District GSA,walnuts,515.0,,,
152,San Joaquin River Exchange Contractors GSA,almonds,10.0,0.30590982341383066,0.4653180513808017,0.6967575752484682
153,San Joaquin River Exchange Contractors GSA,citrus,10.0,0.1982695651392758,0.16961220110864703,0.3370575599955798
154,San Joaquin River Exchange Contractors GSA,grapes,10.0,0.16101224271784775,0.19000421015324204,0.4535591850859612
155,San Joaquin River Exchange Contractors GSA,walnuts,10.0,0.27428861697833196,0.3839638231700626,0.605146592666909
156,Semitropic Water Storage District GSA,almonds,277.0,0.18582448790159925,0.28919810101890686,0.4998221145052132
157,Semitropic Water Storage District GSA,citrus,277.0,0.34858525392752937,0.5618993756387594,0.9201642094642383
158,Semitropic Water Storage District GSA,grapes,277.0,0.2806742766175476,0.5073920836370109,1.1355371181730762
159,Shafter-Wasco Irrigation District GSA,almonds,507.0,0.16104633421785816,0.22662406206700034,0.3927806073930004
160,Shafter-Wasco Irrigation District GSA,grapes,507.0,0.3223174335607035,0.5131837046965116,0.8992165636541678
161,Shafter-Wasco Irrigation District GSA,walnuts,507.0,0.20111178982177616,0.23380063743986537,0.3685496346094964
162,South Delta Water Agency GSA,almonds,208.0,0.2422011973460607,0.3787235375946541,0.584099929471875
163,South Delta Water Agency GSA,grapes,208.0,0.2163879612124582,0.284613359186837,0.43204118943235353
164,South Delta Water Agency GSA,walnuts,208.0,0.22027630755878458,0.2641056436881817,0.5514564487479308
165,South Fork Kings GSA,almonds,222.0,0.284743009743267,0.3739736517322249,0.6081729109486144
166,South Fork Kings GSA,grapes,222.0,0.2907702942129967,0.3846739483240795,0.5401674835729013
167,South Fork Kings GSA,walnuts,222.0,0.26855181097566294,0.3813259290992597,0.6216830748654354
168,South Kings GSA,almonds,317.0,,0.020028652233552,0.3604024060017992
169,South Kings GSA,citrus,317.0,0.27781261134292323,0.21491219292313804,0.343096997713859
170,South Kings GSA,grapes,317.0,0.05276700651977445,0.11728958620256523,0.39927896949800273
171,South San Joaquin GSA,almonds,249.0,0.14681307420294323,0.220542047065638,0.37600361807681065
172,South San Joaquin GSA,grapes,249.0,0.3543420563328612,0.4628153591917856,0.6437946856045912
173,South San Joaquin GSA,walnuts,249.0,0.2046078329834965,0.30568618613240306,0.5323552775568965
174,Southern San Joaquin Municipal Utility District,almonds,514.0,0.15089811517106372,0.1879987153581068,0.33197717379399405
175,Southern San Joaquin Municipal Utility District,citrus,514.0,0.22623752213203902,0.3368292017814589,0.5974806691931412
176,Southern San Joaquin Municipal Utility District,grapes,514.0,0.24784566334353092,0.3586709376590917,0.8788989644686703
177,Southern San Joaquin Municipal Utility District,walnuts,514.0,0.012873881614156868,0.07254741677997356,0.19213595231530342
178,Southwest Kings GSA,almonds,226.0,0.18017491561209031,0.3034150201880378,0.5275670216165882
179,Southwest Kings GSA,grapes,226.0,0.08624067850082073,0.10797030136663816,0.22123977101280282
180,Stockton East Water District GSA,almonds,116.0,,0.6447848572656433,1.4192855275887242
181,Stockton East Water District GSA,grapes,116.0,0.35789167242062087,0.47549564702581915,0.6624531200736387
182,Stockton East Water District GSA,walnuts,116.0,0.13788336896530276,0.22251855804289702,0.4154172360793997
183,Tri-County Water Authority GSA - Tule,almonds,490.0,0.2335686027742093,0.35048819978031404,0.5150544929652733
184,Tri-County Water Authority GSA - Tule,grapes,490.0,0.24362329943376407,0.4622031359798969,1.1337808332027741
185,Triangle T Water District GSA,almonds,394.0,0.49912831549779607,0.6716133420808652,1.0075906140576896
186,West Stanislaus Irrigation District GSA,almonds,13.0,0.11584430882256637,0.17522302164627188,0.352270271426123
187,West Stanislaus Irrigation District GSA,grapes,13.0,0.21287901017882663,0.32425575961485603,0.5065818529093632
188,West Stanislaus Irrigation District GSA,walnuts,13.0,0.2698366320960371,0.40058859201828895,0.5702598964095135
189,Westlands Water District GSA,almonds,40.0,0.14568981294632874,0.2273022498149356,0.4276912709759248
190,Westlands Water District GSA,citrus,40.0,0.15865274951936842,0.23445778143169696,0.37783581148272327
191,Westlands Water District GSA,grapes,40.0,0.24278647296378256,0.3637952944034938,0.8020813977155666
192,Westside District Water Authority GSA,almonds,506.0,0.15773398558481716,0.18748458760270176,0.3114025428401443
193,Westside District Water Authority GSA,citrus,506.0,0.043814723292425146,0.09425067201344196,0.2402635264410428
194,Westside District Water Authority GSA,grapes,506.0,0.32945960882041375,0.42155298998170604,0.5736537613582905
195,Westside District Water Authority GSA,walnuts,506.0,,,0.2317135656275755
196,Wheeler Ridge-Maricopa GSA,almonds,484.0,0.13798458938313984,0.2017266392300491,0.3869458356089397
197,Wheeler Ridge-Maricopa GSA,citrus,484.0,0.21524020339137095,0.2579454058222347,0.4442028725044087
198,Wheeler Ridge-Maricopa GSA,grapes,484.0,0.2963520712084055,0.46464534086932063,0.9810817672440023
199,Woodbridge Irrigation District GSA,almonds,151.0,,0.0520538284847719,0.13335253538716832
200,Woodbridge Irrigation District GSA,grapes,151.0,0.12147416211952106,0.1835088275629158,0.32670494127694477
201,Woodbridge Irrigation District GSA,walnuts,151.0,0.350778857326513,0.3890499182987626,0.3450838636179565
